Date,spy,ko,pep,usdx
2020-08-04,0.003854994814368289,0.008387799033156089,0.005617097998485341,-0.001284276164808909
2020-08-05,0.0061915803577620955,0.011287547374932174,-0.008914119085558872,-0.00590727699317517
2020-08-06,0.006662480509791268,0.005491169578830142,-0.0028663678670440063,-0.0004309979049096572
2020-08-07,0.0007176423381330168,0.006717000957623137,0.006456351147504596,0.00698065997623259
2020-08-10,0.0029844549628680866,-0.0016751565258969032,-0.005573511708402567,0.0014971597968210537
2020-08-11,-0.008289094034365462,0.004391020765806733,-0.006344787207606138,0.0005341106115732474
2020-08-12,0.013846139965521986,0.010377965514027837,0.01964030909637139,-0.002031270408394264
2020-08-13,-0.0018094578534614458,-0.0010328164902609154,0.0021745909561440117,-0.0010708439203949483
2020-08-14,2.976112902947565e-05,0.001445575583550706,-0.003917759300351463,-0.0025745333942405785
2020-08-17,0.003171775677134113,-0.0049658629947241855,0.0026135241787255716,-0.0026888965284360593
2020-08-18,0.002157746351280812,0.004346487819011845,0.0013768162018232763,-0.006266246156081086
2020-08-19,-0.004172084397060261,-0.02192377039852508,-0.012092325329216847,0.006696965619910175
2020-08-20,0.003108563124892665,-0.00042243643729876577,0.001976703065245862,-0.0010771055969901347
2020-08-21,0.0035409318683364307,-0.0014792714599437757,-0.0019033658624865923,0.004945173292177445
2020-08-24,0.010082331319644155,0.014488257442580312,0.008610041552217677,0.0005360820384595766
2020-08-25,0.003493103503785417,-0.0012513666932067599,-0.002473427578865632,-0.0030056528547335207
2020-08-26,0.00997571666521297,0.005204567548616428,0.00848556367118956,-0.00010745048552533449
2020-08-27,0.0021841801708689075,0.0014524344657831669,-0.0005055986987293177,0.0
2020-08-28,0.006438464588836477,0.03263606872776208,0.011065611750286995,-0.006904756883039733
2020-08-31,-0.0036289468132326324,-0.006038803516070479,0.0008572886280626592,-0.002493127455491018
2020-09-01,0.009374525834361469,-0.00831224680251872,-0.006231283781275574,0.002168224536276038
2020-09-02,0.014360358303988557,0.04127772317478131,0.02903061408840461,0.0055078939450372375
2020-09-03,-0.03502044348023177,-0.013966856875402788,-0.020573199059600998,-0.0011854154362119266
2020-09-04,-0.008198122128709216,0.011032596120928072,-0.004386393831672601,-0.00021564373172236047
2020-09-08,-0.027703275325878216,-0.02439390560251337,-0.02340517621975,0.008163333384396777
2020-09-09,0.01955502837700833,0.007600031583066178,0.011442888338243603,-0.002356231295015289
2020-09-10,-0.017516030009783325,-0.0037929211296436334,-0.017288211086121164,0.0008573870012291349
2020-09-11,0.0005086466939013747,0.020978451338257622,0.007761546568895982,-0.00010708209078612866
2020-09-14,0.013085385289852572,0.0011839414505385414,0.006312176184706687,-0.002789724278171819
2020-09-15,0.0050396421465549405,0.006682273858347585,-0.007712277009828673,-0.00021487903340062237
2020-09-16,-0.003976497611736427,-0.005105889765416149,-0.004730160901593184,0.0017179863656381284
2020-09-17,-0.0088341863043135,-0.004736626882986369,-0.013274948190910511,-0.0025781286530227113
2020-09-18,-0.011579392721331443,-0.0019802148420375257,-0.013073033780454092,-0.0004303487446622587
2020-09-21,-0.011191992063121449,-0.027327321223712234,-0.0017508286093997731,0.006542637232109398
2020-09-22,0.010132807124605578,0.011544299565405529,0.006909814008664611,0.004799208818646536
2020-09-23,-0.02346394000952401,-0.02963317226329338,-0.00874031019349345,0.004246757966643636
2020-09-24,0.0026617080133658926,0.01011256647399575,0.004417616993201662,-0.00042387322855773867
2020-09-25,0.016037831282239155,0.0004105796141238737,0.014861167479001803,0.0024348009335587576
2020-09-28,0.01647293989687398,0.011428653276426708,0.03256008230574136,-0.003389112416825154
2020-09-29,-0.005460980187537011,-0.0073320174862751475,-0.005888149907013118,-0.003933066389008079
2020-09-30,0.007553324961204101,0.009156589800547687,0.010444236014296242,0.0
2020-10-01,0.0063994993874297865,-0.0038558713101190228,0.015748106406046937,-0.0019189804038083074
2020-10-02,-0.009539898680462304,0.0036533893645222804,-0.01965198265447465,0.0013862679542446295
2020-10-05,0.017577808822566317,0.0004051747716952132,-0.0009421578233131736,-0.0035227600278867426
2020-10-06,-0.014317873309038569,-0.008950633753663463,-0.016299644981857063,0.0034162485242590543
2020-10-07,0.01725667696372757,0.012589168888054766,0.009607472503910235,-0.002133838200181357
2020-10-08,0.008823588161398686,0.01799686626008092,0.006112203364521296,-0.00021359371256752206
2020-10-09,0.008890447810192421,0.006912175804398418,0.004270746156427645,-0.005892801722059076
2020-10-12,0.01595971307201646,0.005495658729053595,0.026305136470362804,0.00010747473687942946
2020-10-13,-0.006547575518388056,-0.017175264604746845,0.009871555496988524,0.004930332476371583
2020-10-14,-0.006303167166815667,-0.0019934876990388324,-0.00713141829339283,-0.0016050672651663613
2020-10-15,-0.001236846660909994,-0.00259705812880793,-0.0076774858583544495,0.00512715673922596
2020-10-16,-0.0006044849782735493,0.0007997305532543769,0.002118942470877554,-0.001919594321955695
2020-10-19,-0.015320157619774804,-0.008228823321809554,-0.014569617628073307,-0.0026722264758808198
2020-10-20,0.003997798257035308,0.012616646789448597,0.00021472980543990868,-0.003860601152594575
2020-10-21,-0.0018946072314630325,-0.005187554020893532,-0.0007876074547867985,-0.004954761145891666
2020-10-22,0.0054702917534961175,0.013708325141109302,7.170136009237407e-05,0.0036645475624652473
2020-10-23,0.0033893378852633787,-0.0031620345889805993,-0.0003582043186410828,-0.0019384058555723712
2020-10-26,-0.01865293598236247,-0.014354331248375794,-0.01080635127020121,0.0030137404055984125
2020-10-27,-0.003453168594255946,0.002006035076363476,0.007648442528926896,-0.0011828659597670666
2020-10-28,-0.0347767843981754,-0.039653708041458985,-0.036229124654844035,0.00504429516397936
2020-10-29,0.010112406821217067,0.0012503053853380036,-0.0013424564582047954,0.00587070495747413
2020-10-30,-0.010479750507491727,0.0008325255158608891,-0.005238083103968766,0.0008510833604655255
2020-11-02,0.01114607737244463,0.011584782403097519,0.013858189376166157,0.00010635478790935434
2020-11-03,0.017502008073005955,0.014902893129105952,0.013887555839258922,-0.0053305028535134726
2020-11-04,0.02210308916691529,-0.0036541309958119782,0.005965841680951059,-0.0014976402523354752
2020-11-05,0.01931489363747339,0.005476117553605419,0.0013772476614946785,-0.00946554202101199
2020-11-06,-0.00022836198770176288,0.00020232202532910741,0.002387559624536823,-0.003247409423384976
2020-11-09,0.012487498868628362,0.061183547975333874,0.0005058677735289195,0.005406587368252306
2020-11-10,-0.0014677592860820523,0.026467966227527385,0.02334379658048918,0.00021562047425022007
2020-11-11,0.007401154860406937,-0.007437726759750755,0.01526541275274129,0.0031218165630121798
2020-11-12,-0.009748352248770483,-0.010695477980430456,-0.00041722592061083433,-0.000860234795571637
2020-11-13,0.013749718897446342,0.008266177317660012,0.006030301146154252,-0.0021537478380029952
2020-11-16,0.012405263662206819,0.007455749927152278,0.007229574583071218,-0.002050423634564982
2020-11-17,-0.005392846822648153,-0.0031619600747005037,-0.0035737936129481953,-0.0016217261526176997
2020-11-18,-0.012107841684488856,-0.02013415310919649,-0.012888926484842432,-0.0010825861756400778
2020-11-19,0.004201107193309334,0.009835588631278733,-0.00041850961575067095,-0.0003249962565596812
2020-11-20,-0.0068712942262476534,-0.008695808851112126,0.00069726569496632,0.0010829378788029204
2020-11-23,0.0059765318780752455,0.00018983705945578233,-0.0027927904086129393,0.0012980287987114857
2020-11-24,0.015985369822796313,0.010198596198797153,0.007036963941984791,-0.0030312762300720403
2020-11-25,-0.0015429476825416265,-0.005464109457775563,0.0009021591073949086,-0.002605641378396873
2020-11-27,0.0027811200458767397,-0.004354684698531462,0.0030475591135547884,-0.0021764830614942315
2020-11-30,-0.004437018488322886,-0.01328359014687293,-0.0025621970625920223,0.0008711949746213347
2020-12-01,0.010878161856397511,0.008490845982291969,0.012676973432395827,-0.0061142802890798535
2020-12-02,0.0021014795019087457,0.0013442980390631955,-0.0099764506897965,-0.0020829346092942
2020-12-03,-0.00027277363001325665,0.012775341351563278,0.005922733029738948,-0.004509754747449625
2020-12-04,0.008580814588628013,0.020070129826173035,0.009645282669745884,-0.00011027105958152141
2020-12-07,-0.0020570221581229474,-0.016099077711173068,-0.0032966000607074805,0.0009918339933096278
2020-12-08,0.002921908631239749,0.003579101666089008,0.0010315520027661914,0.0019806377850375553
2020-12-09,-0.009009524326353657,0.00281664662995116,0.0011672762313949092,0.0013181933008047464
2020-12-10,-0.00032709303747754486,-0.005264096667763658,-0.00702576523646568,-0.0032988310858422898
2020-12-11,-0.0011731435994423883,0.00563905084399603,0.002071669789067244,0.002090581571670238
2020-12-14,-0.004487403829741898,-0.0015005837668033211,-0.005117820264352807,-0.002972144505398307
2020-12-15,0.01342900684882035,0.010643240214817539,0.0037372216891077676,-0.0026492770033932304
2020-12-16,0.001568157944195001,-0.014593300657213306,0.0008284750258622152,-0.00022113942897322524
2020-12-17,0.005576266891778976,0.003950060442395824,0.005643772847479215,-0.006989513839627397
2020-12-18,-0.004000872582268134,0.008784229350643772,0.008337738321504213,0.002224166311855897
2020-12-21,-0.0035817450853527924,-0.017457084995997806,-0.010467679888777786,0.00022219563272770309
2020-12-22,-0.001687009512475724,-0.0009470855929734764,-0.009536338050335125,0.00675192782696248
2020-12-23,0.0008983467543294261,0.006046897596092862,0.002704140864728962,-0.0026510327786479215
2020-12-24,0.003882879336952839,0.006759106589417206,0.004490940295786868,-0.0008852698223750133
2020-12-28,0.008554157064781359,0.013383061286067659,0.012672970218595264,0.00011063825701472132
2020-12-29,-0.0019097637999471767,-0.0005539934008917071,0.0034653774702234704,-0.0036594906872421005
2020-12-30,0.0014258977776519896,0.005710557424486266,-0.0007464453923126823,-0.00423074427653805
2020-12-31,0.005068022146437114,0.007320847873983371,0.006697924237906022,0.0034527537616808692
2021-01-04,-0.013707640276953707,-0.038666477369155454,-0.027550451191383447,-0.0006673917285882162
2021-01-05,0.006863749593803935,-0.011054235273553141,0.0029759433250985934,-0.004907380055435235
2021-01-06,0.005960796922214129,-0.03232991263038476,-0.012307427262535127,0.0010057143081235833
2021-01-07,0.014748122091334134,-0.011146478582504494,-0.0032237230309862318,0.0033452646131757638
2021-01-08,0.005681615553096965,0.02217032314668335,0.011931017610800173,0.003001132054229774
2021-01-11,-0.006763727055326754,-0.017378132996078138,-0.014601849016990773,0.004871604440768277
2021-01-12,0.00021126626110834831,-0.0017943606396629318,-0.004655876883348876,-0.005426646608110303
2021-01-13,0.002689135281540143,0.0009972280449011175,0.008168666989026553,0.0029938109510210544
2021-01-14,-0.0035079466626107094,-0.018714755227884843,-0.005838076558920974,-0.0008861523855963913
2021-01-15,-0.007319478701642325,-0.010824025665541819,-0.00261335058259922,0.005966219504508901
2021-01-19,0.007821332140528369,-0.003909163215967272,0.004727502027913289,-0.0030891328756101786
2021-01-20,0.013743769010631682,0.00349840013625446,-0.0051520235585765925,-0.0003315331753251212
2021-01-21,0.0009113168383150744,0.005531115772310909,-0.012244507779051481,-0.0037652754357980836
2021-01-22,-0.0035458086624224868,-0.009441803369768641,-0.00733297692456804,0.0012197219822246497
2021-01-25,0.003936166000877898,0.00596264915224463,0.011407410396689553,0.0016608709809143483
2021-01-26,-0.001562096956516195,0.010400941051881551,0.011490199256268985,-0.002436877852775829
2021-01-27,-0.024744065867316464,-0.015539015666758816,-0.02687416076549409,0.005309196828380764
2021-01-28,0.00856322593150989,0.012694550004262287,0.00829644511301302,-0.002098200104601342
2021-01-29,-0.02022261350819761,-0.02055559658363196,-0.019002583384756522,0.001325704413947183
2021-02-01,0.016508507850596425,0.006830222125847468,0.002997645579050731,0.004845767364374155
2021-02-02,0.014041372863161768,0.009852239044247644,0.01016854908500292,0.0019756379108075155
2021-02-03,0.0007859802766473308,-0.003888194937944801,-0.0026048984948344556,-0.0008775143366304055
2021-02-04,0.011301474534933563,0.004908750618398403,0.011955396082649504,0.004489424778644839
2021-02-05,0.003928220325315369,0.012974235138396063,0.009122169727232633,-0.005367793625702383
2021-02-08,0.007195957859570948,0.005423183552181743,-0.003980932272263896,-0.0012089973403572323
2021-02-09,-0.0006661451898555594,-0.004416638190198674,-0.005714043043175184,-0.005403308689452706
2021-02-10,-0.00043579339798064065,-0.002014104878409898,-0.013703634158181715,-0.0007742900980358769
2021-02-11,0.001613919030278101,0.014014036121303369,-0.020025153600185665,0.000553077309414763
2021-02-12,0.004927478494995749,0.0077236791808885765,-0.008183163579238923,0.000663407293342946
2021-02-16,-0.0008661451405505147,-0.008320116681004894,0.0038023527985572834,0.0003314965319752256
2021-02-17,0.00022927553269300985,-0.002788854198993085,0.0005952320140941633,0.004849505968666421
2021-02-18,-0.004265000536869705,0.012686032853720872,0.006744804675582224,-0.003966080153793787
2021-02-19,-0.0017675422703874533,-0.013084994180734477,-0.021353519760864793,-0.002542092901632561
2021-02-22,-0.007721592359153901,0.010323562338639207,-0.0039318479308034435,-0.003880899352217214
2021-02-23,0.0012136610453825742,-0.0017791076937833934,0.005967338674601711,0.001775958202869379
2021-02-24,0.010959171869091044,0.003358037124043537,-0.005210150520137769,0.00011091917189185196
2021-02-25,-0.02439090334293588,-0.010706002988863745,-0.015949110001227614,-0.0005546342822547459
2021-02-26,-0.005165907474714306,-0.02380086006633416,-0.006250079276883128,0.008836940999226028
2021-03-01,0.02395123525170116,0.01840477367162237,0.011007833810879013,0.0012089973403573277
2021-03-02,-0.007833997888119051,0.00399993408646404,0.0034393442322933295,-0.002749822966663785
2021-03-03,-0.013334309881068068,-0.002398089386599527,-0.014834325536076921,0.0017607139422175999
2021-03-04,-0.012451847189435468,-0.0008008075360354894,0.005549865103482694,0.0074488275925241945
2021-03-05,0.018229251980214804,0.016877492561439774,0.0320808767630603,0.003812499605701192
2021-03-08,-0.004991073634660705,0.016596965842177923,-0.0067883670757999896,0.003581252946033692
2021-03-09,0.014176420698271153,-0.0152198487423634,0.0009076803521335099,-0.0037987616148852333
2021-03-10,0.006205555914797215,0.011339271885509547,0.010006547860183455,-0.0018503207341171804
2021-03-11,0.010087781063791858,-0.010945950038938997,-0.002698708003999299,-0.004039116330591091
2021-03-12,0.0013459842860205414,-0.0019838736102886292,-0.0013519376834970366,0.0028400034205757637
2021-03-15,0.005945793018060648,0.013216547191890166,-7.521544902051506e-05,0.001634805269908301
2021-03-16,-0.0012620999023448295,0.0037163599888873564,0.007339514581272225,0.0004355026147282135
2021-03-17,0.003404124407932099,0.0003903600392244439,-0.002914124704099137,-0.00512906902515026
2021-03-18,-0.014656357872281124,-0.013162023794712742,-0.008191068759084166,0.004911299893786582
2021-03-19,-0.0018521840745081026,0.004734714430120238,0.014755330731201772,0.0007618185720016525
2021-03-22,0.00795329269554661,0.003732501590661029,0.024239090673860837,-0.001306282750416477
2021-03-23,-0.007901920577873681,0.007617978553149308,0.011974504159137991,0.0058650465498778625
2021-03-24,-0.005096649234131103,0.002526484181841938,-0.0046719868271857265,0.0020555256485557784
2021-03-25,0.005610063343040782,0.009657992029545039,0.005890300497493107,0.0037754047499120994
2021-03-26,0.01598639641967692,0.019418150707285645,0.02174845660895078,-0.0011850323387107644
2021-03-29,-0.0005051101855046138,0.015156103016993428,0.014677765551260082,0.0018308744458312438
2021-03-30,-0.002656502143728073,-0.013084152143937489,-0.015799764667046627,0.003865990636925039
2021-03-31,0.004045100957233828,-0.008313067403993934,-0.007676508466684651,-0.0007505462467723903
2021-04-01,0.010741150801205008,-0.003801443135026392,-0.0012025140666843525,-0.0032230694624324537
2021-04-05,0.01425102830236886,0.0056968751621356865,0.013219250458368227,-0.0035573996792200506
2021-04-06,-0.0005906590510295227,0.0071696394039832065,0.0035560913409518496,-0.002811747754088444
2021-04-07,0.001156596811352325,0.0016907673766919525,-0.001811464419300616,0.0012987312383333544
2021-04-08,0.004735588732734516,-0.003007395371099908,-0.006084854846650612,-0.0043355967888385
2021-04-09,0.007243845747209298,0.0011287758886136135,0.00021057739067080643,0.0010857248146441691
2021-04-12,0.0003644717743617309,0.0031916022715078583,0.0031513101756712224,-0.00021708380041506674
2021-04-13,0.0029593142972267976,-0.00488539795065338,0.00020987071598784981,-0.0031523578351867953
2021-04-14,-0.0034209651889236456,-0.00018820594335220437,-0.006593091243517665,-0.0017434463598541732
2021-04-15,0.01068509152624908,0.004698685544489024,0.0014065710410071535,-0.0002181966892856798
2021-04-16,0.0033370184657540605,0.006541319032672792,0.012915759189280491,-0.001200683579453269
2021-04-19,-0.004925262997632719,0.005943684843116075,0.004084533008172626,-0.005366030191090142
2021-04-20,-0.0073485301551994295,0.003143213202765744,0.006610140962175873,0.0018649357741515197
2021-04-21,0.00941756561219096,0.008089765970209412,0.008678093815571535,-0.0008771294530661436
2021-04-22,-0.0091749449928955,-0.0031179233354012557,-0.006210484779021498,0.0018630962025528643
2021-04-23,0.010784067625701464,0.0005510123502122341,-0.001644433009360613,-0.005159473703611282
2021-04-26,0.0020854037818804944,-0.014982290140982053,-0.017082583891169636,-0.0005504822317883477
2021-04-27,-0.00021555592841481264,-0.001491918532937967,-0.0032837574084006874,0.0011006615996028458
2021-04-28,-0.0002875054049916687,0.0001866020708651135,-0.007445956457389223,-0.0033054574465683894
2021-04-29,0.00635253539337148,0.012424730467650094,0.014767252843679825,0.0
2021-04-30,-0.006592022527565205,-0.0051736722296767965,0.0015271949157421372,0.007367103210650321
2021-05-03,0.0021543033150479667,0.00922010177767395,0.011243236633130205,-0.003621820770754076
2021-05-04,-0.0061883671111373885,-0.006260322468465111,-0.012631407058932438,0.0037313911958753746
2021-05-05,0.00031287637618391547,-0.002589299131913396,-0.0004864448801594799,0.00021902128492277538
2021-05-06,0.007953772444307079,0.009950235109237409,0.011539114739843457,-0.003950412480798082
2021-05-07,0.007251673081038917,-0.0005501553356750591,0.0,-0.007947868199300788
2021-05-10,-0.009951835874586253,0.00731130338607286,0.007937855314790509,-0.0002217276908914321
2021-05-11,-0.008964771216588134,-0.010802967279750438,-0.00731957871183315,-0.0007762650283509166
2021-05-12,-0.021474070593990372,-0.0051679425299190375,-0.009797129535426127,0.006303584042597337
2021-05-13,0.011940941639652937,0.008659606423596655,0.01472818842434526,0.0004408786110115878
2021-05-14,0.01523852082977688,0.004027759498339718,0.0015018599477109285,-0.004749556682382034
2021-05-17,-0.002547771499007863,-0.0016457119425007994,-0.0028690564851802606,-0.0011077709520344369
2021-05-18,-0.008653012238492715,-0.005505624839432911,-0.004525357773031833,-0.0052231181421554815
2021-05-19,-0.0026251280651866118,-0.0031332892872024446,-0.0005501758555396688,0.0048905558788174585
2021-05-20,0.010700429924571292,0.008821971167780118,0.012301316344349878,-0.0042222827484724775
2021-05-21,-0.0008190454788599396,-0.0005491223029736414,-0.0008834768322579996,0.002335530075077542
2021-05-24,0.010142695821405727,0.0032900709845576134,0.005085627154588038,-0.0021128149491412614
2021-05-25,-0.002221146447795932,-0.00018248147381609318,0.0030390516252118967,-0.0021173735008629168
2021-05-26,0.0019825201180623375,0.0043708357070879455,0.0,0.004452384082731797
2021-05-27,0.0005247672961978564,0.008324372557511025,-0.012143606930101181,-0.0007777312096204108
2021-05-28,0.0017872609767556132,-0.0036107970311185316,0.009713148795077876,0.0006666395646189669
2021-06-01,-0.0008814244918707879,-0.00018101169648418713,-0.002097644522086683,-0.00222391893686749
2021-06-02,0.0015715291563370138,0.003971914905459574,0.003988280122550605,0.0007789428259739803
2021-06-03,-0.003718203045851924,0.0025193328540365706,0.0035618163853659906,0.006651892255236875
2021-06-04,0.009104198695562105,0.0107259064693968,0.001150445420478125,-0.003985840214529354
2021-06-07,-0.0009705656394620665,-0.003562558911700752,-0.00060883677947525,-0.00211008402207819
2021-06-08,0.00021309706921179115,-0.006983580250301471,-0.009384195333156197,0.0014442582490908809
2021-06-09,-0.0014930082253851473,-0.003059565559020672,-0.0018459955259264311,0.0004439613226216678
2021-06-10,0.004637613281380957,0.007720676123936419,0.010214420272425409,-0.00044396132262167307
2021-06-11,0.0016511663468711667,0.004461527689094675,0.000609455343657322,0.005314402777517413
2021-06-14,0.0022363100026896567,-0.0034144877781771697,0.005940929204568804,-0.00044180381553857363
2021-06-15,-0.0018357841230737112,-0.002523523566663164,6.707665786299397e-05,0.00022096843932471071
2021-06-16,-0.0055989102505338605,-0.013445074378416572,-0.010010870860822158,0.006495276249203503
2021-06-17,-0.0003319449480458452,0.005108824855199636,0.009607150974941627,0.008305174501724853
2021-06-18,-0.01358198539522043,-0.021708117283731856,-0.021093597556133954,0.003693290774446161
2021-06-21,0.014214298262582942,0.010912962779791629,0.0078087552078444054,-0.004019808103027498
2021-06-22,0.005331998985782495,0.0036724281294868177,0.0015000127127541543,-0.001416169424641615
2021-06-23,-0.0012060385510539564,-0.008097158946989069,-0.013236298176339535,0.0007628147526204546
2021-06-24,0.005898270612496492,0.004976522553584416,0.005645220482629698,0.00021780462745181454
2021-06-25,0.003545724892242621,-0.001287838914480909,0.005067152424805263,-0.00010893793377954368
2021-06-28,0.0020139382483428435,-0.0011053114467381266,0.004293602341751199,0.0007621503640877158
2021-06-29,0.0005380084950897066,-0.007399077915539073,-0.0006804093101783796,0.0018485929045953247
2021-06-30,0.0008413406631119568,0.004630891440798637,0.008336098041165401,0.00422787098454316
2021-07-01,0.005521324047206932,-0.002775945645653372,0.0002024114786713672,0.0017293133570677275
2021-07-02,0.007614417308151314,0.00406870471202819,0.004779458117645116,-0.004003631528917665
2021-07-06,-0.0018231327236615195,-0.005552416040085044,0.0014762499241307524,0.003463578348616495
2021-07-07,0.003527830976181043,0.008133154895188866,0.004415826241669013,0.0009719352426031079
2021-07-08,-0.008181356761174381,-0.0035039783095977234,0.000467231178105849,-0.003027016141569704
2021-07-09,0.01061813120073771,0.0060779253928383535,-0.002538872107366332,-0.002493397785878349
2021-07-12,0.003575478565636188,0.00036721957660282664,0.00020063778759621425,0.001084900336228455
2021-07-13,-0.003414711087640563,0.009863044701333017,0.02281333939118459,0.005622207842502494
2021-07-14,0.0014911031089338937,0.022287085316612807,0.010276355842145153,-0.003672463958666739
2021-07-15,-0.0034214419476337435,0.003194212396162875,0.004583933458551377,0.0022698931780359122
2021-07-16,-0.007874419356540107,-0.0007087682664047012,0.0036648073126886184,0.0007554875203056658
2021-07-19,-0.014878045598891968,-0.0119506480637217,-0.00012854392200241276,0.002155372601518178
2021-07-20,0.014228626759219636,0.0017928321008945287,0.00012854392200237593,0.000860882769104438
2021-07-21,0.008063763258196702,0.012813611890404317,-0.0037293131847677364,-0.0023691721102975303
2021-07-22,0.0020919695055367864,-0.0014154941227959535,-0.0003221768143752422,0.0007544290376617758
2021-07-23,0.010235549355627191,0.009517119980056799,0.012741339658875356,0.0009691915436784198
2021-07-26,0.0024516801924914728,0.0008766201758471652,-0.0006997426587243946,-0.0028023528682347702
2021-07-27,-0.004567895404274298,0.0034989576520584346,0.005523322302349809,-0.002377364622267452
2021-07-28,-0.00041023268809662087,-0.009122780233082365,-0.009222798752513946,-0.001190805124223257
2021-07-29,0.004138820476838027,0.0054484606482009725,0.0020425915136822416,-0.004995113912144747
2021-07-30,-0.004868323617753133,-0.00035060315067875664,0.0008924389080307712,0.0033689925974988775
2021-08-02,-0.002100191940630864,-0.0026335559084135042,-0.004022056086101154,-0.0013027373071645913
2021-08-03,0.008102648100040811,0.0007029315479862211,0.00223648387528974,0.0003258434667547592
2021-08-04,-0.004931080759281276,-0.014510875659109995,-0.01686449009641255,0.0020612409097236274
2021-08-05,0.00631283191215647,0.007104761112366363,0.00168633637395054,-0.0003251724075043607
2021-08-06,0.0016511633023410701,0.0024748281877401464,0.00012968071905325137,0.006052819876152756
2021-08-09,-0.0008139637505509532,0.00017648824256329338,0.0001294552870706449,0.0016150086577248935
2021-08-10,0.0012431880995696833,0.0026443055354943216,0.0005182791538275549,0.0011827388465470963
2021-08-11,0.002481749233985738,-0.0012330201843401163,0.003942109946859608,-0.0016130981128629257
2021-08-12,0.0029924235062293047,0.001937155208960111,0.0001935470947967858,0.0013981959816719556
2021-08-13,0.0018183673762641453,0.006837918666002987,0.009307171449507348,-0.005604716970647877
2021-08-16,0.002351773687532645,0.004358793907032731,0.009727649695493116,0.0011882325349199946
2021-08-17,-0.006576808889496709,-0.003485612838696698,-0.000949542205429708,0.005383303426822316
2021-08-18,-0.011005219784145747,-0.013710856724756944,-0.010312551133879683,0.00010739395952473966
2021-08-19,0.0015470084759668283,0.006351531845604887,0.01668875293543809,0.004606085025175294
2021-08-20,0.007925493146427584,-0.0038767036578648477,-0.0035303774769492773,-0.0007483797317099128
2021-08-23,0.008758202860770111,-0.003537397891347988,-0.0031624708640060496,-0.005792153039656248
2021-08-24,0.0015862156986927506,-0.0076478822358682814,-0.012494795494992198,-0.0007532924262474436
2021-08-25,0.0020960055003403644,0.0010706506854338846,-0.004435911225427211,-0.0006461076920804238
2021-08-26,-0.005920523533913982,-0.009497359019733028,-0.0036793711621416554,0.0024745370450904103
2021-08-27,0.00890115834576366,0.001978619803568455,0.0020028170943295967,-0.003983801954528375
2021-08-30,0.004387898361941455,0.00947867462687273,0.006818019002506572,-0.00043164902656945344
2021-08-31,-0.001482577380121499,0.002311456809305373,0.0024969247235561774,-0.00021593558582103445
2021-09-01,0.0005312462103543515,0.0067255813932177635,0.009672280879418932,-0.0019451087915149806
2021-09-02,0.003071968374991835,0.0014102189161033004,0.0007330057558092705,-0.00238243117827191
2021-09-03,-0.00024290270727558573,-0.0007047894938344112,0.0008916833506107616,-0.002062218530817531
2021-09-07,-0.003581863917893142,-0.01886184649221428,-0.01643075402373668,0.005201525965684434
2021-09-08,-0.0012190655813209105,0.013382281901268105,0.014072419438129919,0.0014041681207409436
2021-09-09,-0.004289365665412548,-0.00997499666696223,-0.0063368234194848974,-0.001836527977560789
2021-09-10,-0.00791579244697915,-0.004485632837118957,-0.001735263252207505,0.0010807141581155692
2021-09-13,0.0025559236970084235,0.008237791059527383,0.001927770471437823,0.00043197532570908435
2021-09-14,-0.005411060430849959,0.0007185671068162135,-0.003923986685246119,0.0003238384937360811
2021-09-15,0.008317888221761209,0.0034059084799240172,0.005591856943569799,-0.0017284617313619013
2021-09-16,-0.0015863942198427229,-0.00952974228747044,-0.002952569033693788,0.003992481695302197
2021-09-17,-0.009788864595480024,-0.01657765516462237,-0.00923525693283244,0.003654699782772291
2021-09-20,-0.016814766436802242,-0.007004578900539758,-0.0033795345632519303,0.00042910230909895726
2021-09-21,-0.0009450265944977268,-0.00018497174512695013,-0.00045563457063789507,-0.0004291023090990229
2021-09-22,0.009707482825368846,0.00147911380901397,0.0030562497146358033,0.002785838528990561
2021-09-23,0.012076780036793688,-0.001664045408830183,0.000778919419254,-0.0038593595830085066
2021-09-24,0.0016457820591048806,-0.002779726429065712,0.00045409827578847756,0.002467451303454375
2021-09-27,-0.0028648260694897312,-0.005209207664247105,-0.009644237901668972,0.0005355409330335053
2021-09-28,-0.02035770628893112,-0.018259356854254543,-0.010995320543797793,0.00416777950204647
2021-09-29,0.0016815762189464829,0.006060641910183316,0.008241267476329944,0.006060299406031902
2021-09-30,-0.012297574736372661,-0.009295372471670364,-0.012487280414371436,-0.0009544127097906373
2021-10-01,0.011814173732406452,0.010427660186715164,0.003583734187891726,-0.0022305929207415798
2021-10-04,-0.012979997211287172,-0.0005659077583416897,-0.0049808016165888615,-0.0024487992945298764
2021-10-05,0.01035135242286211,0.001696990558982053,0.005907911437395151,0.001810595281479932
2021-10-06,0.004147293987133312,0.011798903053026017,0.025291341262665717,0.003080940403953685
2021-10-07,0.008608611849812767,0.0031601683164104825,0.009185914240474446,-0.0005304835705060195
2021-10-08,-0.0018254660009791703,0.004444445806692736,-0.0023046440353302966,-0.0015933034880511287
2021-10-11,-0.007265974415744951,0.002030479541079537,0.0013449016824365117,0.0026540702538542737
2021-10-12,-0.002464720680600413,0.0,0.004406576269094858,0.0021181638095369793
2021-10-13,0.003591270481442578,0.0001843578313654762,0.006732127627536927,-0.004665913190058471
2021-10-14,0.01668074086114598,0.006798412555970478,0.008005988325295345,-0.001276353566144664
2021-10-15,0.007586901972332289,-0.0023834002219884146,-0.002829482520023199,-0.00021284345906875498
2021-10-18,0.0029561586311257406,-0.009961330837098997,-0.004543830018457686,0.00010638678884283328
2021-10-19,0.0076851504891815685,0.0038856505345785585,0.012634100805749632,-0.0017044430943799318
2021-10-20,0.003920143203211615,0.008825270786181531,0.007529129863046912,-0.0024553346608808483
2021-10-21,0.002604802021014816,-0.005138684876457602,-0.013292267644169511,0.002242024010452385
2021-10-22,-0.0010365117807024653,0.0018383564682888254,0.004950702349203735,-0.0017077177280720903
2021-10-25,0.00534834963944763,-0.004048632240840044,-0.004699295188460424,0.0021342122090419174
2021-10-26,0.0008995058484751376,0.004415824556478288,0.012172811889406436,0.001491259263838429
2021-10-27,-0.004439948625252657,0.01909312683832057,-0.003480744744582123,-0.0009583765076287842
2021-10-28,0.00960265572368828,0.009322441436328825,0.006268951557974561,-0.005448463227110494
2021-10-29,0.002026959443565704,0.005871515652658689,-0.00012387850146997612,0.00821473939891801
2021-11-01,0.001718774294398451,-0.0035543858671446766,-0.002106302656828443,-0.0025532513143497375
2021-11-02,0.004035047398021357,-0.0012470401062243295,0.009136022641086898,0.0022343903708122413
2021-11-03,0.006086612228294459,0.0033810587970575555,0.009540246600175887,-0.002447415228269999
2021-11-04,0.004701439970434299,0.005492197162805651,6.082597490950124e-05,0.005206938772963419
2021-11-05,0.003463680392717587,0.004231312223629934,0.010232776987457693,-0.0003180026484424563
2021-11-08,0.0008533332424021526,-0.009013109289415818,-0.021740583657472078,-0.0028666647982914274
2021-11-09,-0.0033108980204094775,0.002836351012320589,0.006626967851244535,-0.0009574381483746513
2021-11-10,-0.008077411834258074,0.004063340164002723,0.0032362626821785994,0.009427530246825844
2021-11-11,0.00032350847929797535,0.00035249945570319527,-0.008263794736114606,0.0034731586055271276
2021-11-12,0.007518524487835876,-0.0022936836425740373,-0.0002458476603256853,-0.0005254905527815986
2021-11-15,0.0003423143583575968,0.000176607725244101,0.007045512077529507,0.002939084800136806
2021-11-16,0.003949998840819606,-0.007089751928759239,-0.0029961958456525455,0.005331058483243259
2021-11-17,-0.0024322653974236477,-0.00552935082855786,0.00036750363732166797,-0.0009386841668716006
2021-11-18,0.0033907808939123633,-0.008983184443957596,0.0003061172785809529,-0.00303078991851706
2021-11-19,-0.001789812247563947,-0.005065946452702537,0.0023835865721081157,0.005532071700573137
2021-11-22,-0.002819222822588516,0.006148268677528101,0.002073353065390629,0.0044659190998912884
2021-11-23,0.0013250830568028492,0.0073640703593240596,0.006679010364217364,-0.0001036544520456188
2021-11-24,0.0026664185443860317,-0.008085633338301338,-0.009179816089730447,0.003620740360880322
2021-11-26,-0.022555673476002368,-0.031149221769631148,-0.016006216557984447,-0.0077748800758427
2021-11-29,0.012191810755060989,0.015696037494801907,0.018446137012614532,0.002598349011796134
2021-11-30,-0.019649327175241774,-0.03208234490292022,-0.026921727620666216,-0.00363956606900207
2021-12-01,-0.011169264350909895,-0.002864001859596525,0.0023753235528808773,0.0006249238664344374
2021-12-02,0.015200175779701166,0.014615293385554912,0.009602611704011462,0.0008324925190247657
2021-12-03,-0.008739389784576116,0.008817334500114534,0.02514526396756837,-0.00010397406340636346
2021-12-06,0.011773697478055708,0.025266389130178455,0.010328201641779533,0.0017670413174344897
2021-12-07,0.020473882420876263,0.0054486878798376956,-0.0011424941704420387,0.0008304976033663046
2021-12-08,0.0026443354237565947,-0.0038108169804934814,0.0017432026925097844,-0.004993283563112237
2021-12-09,-0.006774429684978561,-0.002548781982700945,-0.0012619431473470766,0.003955014119420443
2021-12-10,0.009369493958940123,0.0255546814595577,0.015867791171149656,-0.00228778793272734
2021-12-13,-0.008897796011383755,0.025957214249928695,0.004958940009942154,0.0028070574049968754
2021-12-14,-0.0069037538822070916,0.0006923823861552915,-0.0024764898887726255,0.0025921524265177876
2021-12-15,0.015504220892466116,0.004488219755877168,0.012787609840129019,-0.0006214787648215598
2021-12-16,-0.00885763143713856,0.010110591664144263,0.0014560698333295128,-0.0048818711680303295
2021-12-17,-0.010699880571503648,-0.01581058814785016,-0.02069919155105834,0.005503349932851982
2021-12-20,-0.010690401346559833,-0.003296608692487875,0.006632620939694556,-0.00020709033609644367
2021-12-21,0.017603069178641857,0.003989212608341068,-0.002955607328175695,-0.0006216865896843751
2021-12-22,0.009948996645237919,0.007071977388723389,0.006196810900970743,-0.004258157063561704
2021-12-23,0.0062029320845246394,0.0006873857925207605,-0.0011186185499504665,-0.0006247286873139679
2021-12-27,0.014052893639350599,0.007358621050752774,0.00990489366375144,0.0007287460359134823
2021-12-28,-0.0008175426952002832,0.003913861074742031,0.005176948922462757,0.001144111770673744
2021-12-29,0.0012784175480188243,0.0011882586297282433,0.003532891283580687,-0.002810563937515839
2021-12-30,-0.002768374973455186,-0.0028881174112926644,-0.001735909706163134,0.00041689333807850074
2021-12-31,-0.0025234022605506615,0.007288905392833674,0.006005035356063391,-0.0031309047983704877
2022-01-03,0.005773305561853139,0.0015188123827808,-0.004211368950394053,0.0059402989187165
2022-01-04,-0.00033495168079141966,0.01655696707701847,0.0014442097234198886,0.0005194312906987
2022-01-05,-0.019388918076469464,0.008259005725463559,0.0034002343027945826,-0.001039053214607986
2022-01-06,-0.0009399499027274709,-0.005277844301176321,0.00022996860075197724,0.0006235456222880722
2022-01-07,-0.003961247032643818,-0.0023178906101002377,0.001264749625539027,-0.005312811516362239
2022-01-10,-0.0012452384894143665,0.001656089922126316,0.0005167420664069236,0.002607835469195086
2022-01-11,0.009067030485837627,0.0003309550915047886,-0.00045953611195405174,-0.0038619651988411473
2022-01-12,0.0026999625772693163,0.001487614601278657,-0.0010918571833672345,-0.006505140321344484
2022-01-13,-0.013874407429477245,0.00592901603825313,0.0016088432609766056,-0.002212963477110414
2022-01-14,0.00040895567072922354,0.008013778558258631,0.008347229901278454,0.0040008187209907
2022-01-18,-0.017868277347855566,-0.008013778558258588,-0.009611070460816966,0.005867017180523348
2022-01-19,-0.010437854386981409,0.0016406676660726202,0.007160043904165511,-0.0023007876117351906
2022-01-20,-0.011129773071719296,-0.004106858626057206,-0.007275001142071383,0.0024051852383221925
2022-01-21,-0.019825844176232055,-0.004950439679547285,0.0016083823270449625,-0.0010450254431677937
2022-01-24,0.00423775299925351,-0.008138901879021974,-0.005121537068461952,0.0029233554215008957
2022-01-25,-0.01228417722646846,-0.0023376956574561254,-0.011547454438347243,0.00031269901813458834
2022-01-26,-0.002511976842302447,-0.0036844170750688714,-0.010619922470272053,0.0056121632448956965
2022-01-27,-0.004950213181955578,0.0008386302214377323,-0.000944174591611348,0.007948473046866394
2022-01-28,0.024532012134779083,0.01975329459566474,0.01929648334885507,0.00010275543008731461
2022-01-31,0.017850801845278593,0.002790202333767268,0.004910697015464655,-0.00753314265410261
2022-02-01,0.006734295069453373,-0.007403144065190414,-0.006823703038874922,-0.0015549842519736819
2022-02-02,0.009667149763981833,0.01018577837230186,0.017998736691323056,-0.004679433942635032
2022-02-03,-0.023785579265121717,0.007003841534394191,-0.0005699696250491029,-0.0058541374472642115
2022-02-04,0.004691093022567722,-0.010606273412404759,-0.01655868146893859,0.0010479525552560794
2022-02-07,-0.0032143688440403363,0.010443989915597234,-0.003950064786461536,-0.0008382421803503835
2022-02-08,0.008194105299275237,0.0064724932049238055,0.001221570260301365,0.0025125417595850096
2022-02-09,0.014530124362825223,-0.015605011809542732,-0.00046518856005894183,-0.0015696286175007012
2022-02-10,-0.01812891368544784,0.005554757817528093,-0.020981608282469224,0.0006281950342758991
2022-02-11,-0.019915820476040083,-0.017917859924748404,0.001246418570383523,0.005531494204194163
2022-02-14,-0.003274672061985534,0.0064479218505692605,-0.01121473256014441,0.0030137815342469367
2022-02-15,0.015998234376950197,0.0037831078137463094,-0.0044488581817982735,-0.0039509812428535395
2022-02-16,0.0011202180058955064,-0.00016408319696550113,0.0020465512784780416,-0.0030257305506146844
2022-02-17,-0.021592960342112645,0.01983480644583758,0.0027022017994570327,0.0010444502622120751
2022-02-18,-0.006496020153331346,0.006738251841171026,0.0057408371152951896,0.002502064053499768
2022-02-22,-0.010789720549958944,-0.004166039710439914,0.003808807861040831,-0.00010415094762741463
2022-02-23,-0.017897740222796946,-0.011140718917006779,-0.009909281904111404,0.0016647976074093411
2022-02-24,0.014936867265733312,-0.017690919415802357,-0.01755095855575283,0.009827803088777518
2022-02-25,0.02182414584201878,0.03794234835171409,0.027638254852708235,-0.005367443081482192
2022-02-28,-0.0025618298850969817,-0.009752950826575374,-0.027943570262480698,0.0009310127092420202
2022-03-01,-0.015347484178649761,-0.004347604846406817,-0.009017970017253204,0.007212112115519748
2022-03-02,0.018229117511178766,0.00739558782298257,0.013770519708093716,-0.00020538267164137
2022-03-03,-0.004990893885280075,0.0006404783819632274,-0.001071320989151392,0.004098801980339983
2022-03-04,-0.008157778653907766,0.0015994035705981613,0.015075275582427074,0.008755916249864687
2022-03-07,-0.02992250018682018,-0.024101297890333245,-0.020110305945859247,0.006466622330017505
2022-03-08,-0.007610543315727077,-0.040426533020512447,-0.028598499320512456,-0.002319167751884464
2022-03-09,0.026457843520468136,0.005101252359895237,-0.002981489509807341,-0.011064380697839504
2022-03-10,-0.004525973963432946,-0.018487387624950394,-0.018531492866407137,0.005496765736485601
2022-03-11,-0.01279647339515668,0.0006907407782171073,-0.005061020479854334,0.006173177477547135
2022-03-14,-0.007335257241655468,0.01827330002964818,0.013952801179578629,-0.0006055625161930736
2022-03-15,0.021752089301713178,0.018280840459279923,0.019753617368604957,0.00010096539017436418
2022-03-16,0.02193203517685498,-0.002687319934123788,0.004392764821089544,-0.006989164455433316
2022-03-17,0.012433320055148966,0.010539607384564362,0.007734577650014956,-0.003767967371965736
2022-03-18,0.010893188735719591,0.00016641448248755437,0.011429291890505988,0.00224216578386301
2022-03-21,-0.0002923971915659336,0.007954978840820326,-0.001413760541558017,0.002744846317045894
2022-03-22,0.011633381878804226,0.0036250334644816295,0.01089029338153273,-0.00010154968625342597
2022-03-23,-0.012961949790758584,-0.006600608594824223,-0.005246721506991963,0.0013191101543423302
2022-03-24,0.0149617350574569,0.009556636700899967,0.006037486632853093,0.0017222856776596017
2022-03-25,0.00487180797420541,0.008978947122093519,0.0046708676916735236,0.00020239517499074362
2022-03-28,0.007087712811864358,0.006318476350156759,0.0029609645728714846,0.002829701614618768
2022-03-29,0.0122950407888325,0.0038684836874978206,0.014734394060482384,-0.006987671548294082
2022-03-30,-0.006193984882521101,0.0008039796820592152,-0.001368526044079299,-0.006218487878745843
2022-03-31,-0.015510863932719408,-0.0033813478508842917,-0.0034590853317949958,0.005303394858718424
2022-04-01,0.002830064160111329,0.013934648249407116,0.014118770965460721,0.003249720573493351
2022-04-04,0.008530081902863066,-0.005262792025184359,-0.002595015626364663,0.003643366232877342
2022-04-05,-0.012711780124501188,-0.0011197965554201115,0.0010624790700702047,0.004837290084945272
2022-04-06,-0.010049750554338599,0.01003431491972248,0.01690631047349852,0.0013060458340874033
2022-04-07,0.0050263593885400346,0.005373734462978926,0.0009277103896278287,0.0015049064994896637
2022-04-08,-0.002677460022694338,0.006128764630653825,0.003355890589279621,0.0005011581261806145
2022-04-11,-0.01724008222539589,-0.0003134026474503581,-0.003066134648341404,0.001301730031439985
2022-04-12,-0.003712127963100606,0.011685097406633036,0.004047427937076999,0.0035960543013233825
2022-04-13,0.011388493615597007,0.0026299268137406854,-0.0017325803818316109,-0.004096560316163609
2022-04-14,-0.012529983662652464,0.004469957255689227,-0.006378631967421639,0.004395635929833935
2022-04-18,0.0004111064530155412,-0.008960291846901348,-0.008646959778656052,0.004574837297311401
2022-04-19,0.016013750834301108,0.009729042626474586,0.014447336393282762,0.0017844785847858184
2022-04-20,-0.0007418561327754448,0.013584779216326056,0.014754739231749088,-0.005661795101053662
2022-04-21,-0.015066440390225354,0.0037832676975386227,-0.0035968448989577378,0.0018908543251458386
2022-04-22,-0.02782264893138634,-0.014605609100721366,-0.015505042501129752,0.006342928897055712
2022-04-25,0.005780982812287338,0.010519180789465246,0.009193659895723162,0.005222446476871968
2022-04-26,-0.029388522000550244,-0.013588987162466138,-0.0025356759927581654,0.005390878466330695
2022-04-27,0.002807780330719073,0.007809532853805561,0.008904275458202124,0.006333701041656429
2022-04-28,0.02494576442632274,0.009563627788218829,0.015042105393306023,0.006486984062242926
2022-04-29,-0.03765599229978316,-0.02416026206096144,-0.03316358226848891,-0.006389833497131495
2022-05-02,0.006001522969200598,-0.01827462426004516,-0.023272637976074224,0.0075471939352929965
2022-05-03,0.004573628941084901,-0.0056907006731019534,0.0013701564776808272,-0.0026060209165841316
2022-05-04,0.02999832620750641,0.030444780716780643,0.034345907982895385,-0.00854130101144413
2022-05-05,-0.03618975419031856,-0.008028323972125247,-0.020160427620906095,0.011243732707740027
2022-05-06,-0.0059867332210649625,0.003559055397380165,0.00011732619450392571,-0.0008678110211619636
2022-05-09,-0.032541206337563564,-0.0020101872088883477,0.007541411745706324,-9.649448640132322e-05
2022-05-10,0.002308014737917493,-0.009329708830378288,-0.001223667837025577,0.002601501139250629
2022-05-11,-0.016013761399874562,0.0046756425015907635,-0.004851818223490491,-0.0006738191134784396
2022-05-12,-0.0010444536474352023,0.0031051981402959905,-0.0015247259641333873,0.00958320716594217
2022-05-13,0.023626476030166176,0.018583146575947958,0.019296275297261207,-0.0027696968283255044
2022-05-16,-0.004065759281241146,0.0036449708076644527,0.010023304837685399,-0.003544867110290127
2022-05-17,0.020361713412581067,-0.002732602130601944,-0.00577252009900117,-0.007998132916947438
2022-05-18,-0.04114665885380253,-0.0721685567118219,-0.06396554353619831,0.004344235747732309
2022-05-19,-0.006143405995343347,-0.019802663508870996,-0.015084207301729588,-0.010555429861684978
2022-05-20,0.00043636812713457546,0.01620130085370159,0.006245974360334824,0.004177402484633121
2022-05-23,0.018537129650726517,0.03036416837756309,0.02068342049455181,-0.010427416776148505
2022-05-24,-0.007662942773032348,0.018285433605943556,0.01331686898767272,-0.002157510085405724
2022-05-25,0.008796008980024837,0.0007808158475940369,0.006829090283677225,0.001961524266019214
2022-05-26,0.01978448979609859,0.0035833302310235428,0.006724054949685518,-0.0022560775494814803
2022-05-27,0.024252611830982845,0.005892496015556491,0.00971117299245875,-0.0015725178877736038
2022-05-31,-0.0056268491611289094,-0.020303696027495002,-0.02368168909824659,0.0007865680454184721
2022-06-01,-0.008121394294319968,-0.0049032155915464965,-0.007539490243256094,0.007831689954415202
2022-06-02,0.018864522514663445,0.010410270135691855,0.008071847309707891,-0.007635182058772788
2022-06-03,-0.01654771587919174,-0.011996987486277389,-0.011039712978604144,0.0036290830255138835
2022-06-06,0.003040103678153948,-0.00158942786772328,0.004176764801640423,0.0029328699200116574
2022-06-07,0.009546466163403941,0.00602612004741853,0.0061427267788625815,-0.0011721308758476294
2022-06-08,-0.010931655084962482,-0.005708032307151066,-0.004995610495997405,0.0021478209960193377
2022-06-09,-0.02407021729809091,-0.01748378383878726,-0.017960360360361638,0.006609669262763562
2022-06-10,-0.02942438033028284,-0.006330655694091732,-0.0015984399565118356,0.008969537810954704
2022-06-13,-0.03870769124884502,-0.0011405425041568261,-0.017253528761928587,0.008889799884915986
2022-06-14,-0.003017866137657265,-0.027804992673668795,-0.022922747060416557,0.004178494353135296
2022-06-15,0.014155702289171648,0.007401162740265773,0.010640200678538122,-0.00341744190996728
2022-06-16,-0.033656094488943925,-0.010106127845737008,-0.0048282307215380465,-0.014656197993455643
2022-06-17,0.002153322731856573,0.006075964130876833,0.0001909833894161714,0.010272252036460785
2022-06-21,0.024861991882247327,0.021144497440534222,0.022973654222499,-0.002486321521762925
2022-06-22,-0.0018146219067812254,0.007386175764738804,0.00818013081540939,-0.0023006671753256704
2022-06-23,0.00975485185526186,0.011867151142428433,0.01269440852453069,0.002204893381994091
2022-06-24,0.03129886329891673,0.018572492043429926,0.012294682767128034,-0.0023008145574139054
2022-06-27,-0.003826976228473144,-0.00206436784569542,0.0013232670956856304,-0.002402345787436545
2022-06-28,-0.020644522861654226,-0.010064827772485806,-0.01416660914302985,0.005468947977946237
2022-06-29,-0.000814739168984082,0.007199529364435241,0.016448281305308243,0.00572464559519891
2022-06-30,-0.008157471960977575,0.0028652984080506164,-0.00041973641639705056,-0.004003800990449824
2022-07-01,0.010520951860554543,0.023097863126807904,0.016247869792479698,0.00428916393456827
2022-07-05,0.0018868838760278512,-0.017233619892814734,-0.0022459870347050085,0.0128521955633097
2022-07-06,0.0033716638480501366,0.002052185766963981,0.00994990948977973,0.005617978056987879
2022-07-07,0.014866019578806833,-0.007916429000957214,-0.001993869820725114,0.0002800614301565808
2022-07-08,-0.0008229594081517491,0.0036493525154345312,0.008882834156058337,-0.001120716634809592
2022-07-11,-0.011489300828023888,-0.003172610358062493,-0.008237318079419782,0.009394056085966329
2022-07-12,-0.008888241097513808,-0.004299009170695932,-0.005706357359725621,0.0004627984034218187
2022-07-13,-0.005265606889394528,-0.004638123970445848,0.003533576657600125,-0.0010183828216448385
2022-07-14,-0.002431468725703971,-0.003211325552587542,0.00516007879308091,0.00535799740063118
2022-07-15,0.018924896264605823,0.005133107019503225,0.0008183743958271879,-0.004432171247331337
2022-07-18,-0.008291231338203683,-0.013693313875529484,-0.016854693444983703,-0.006405766796279031
2022-07-19,0.026660564712949558,0.014173182726872893,0.010640927536918086,-0.006447136852099755
2022-07-20,0.0063530369379752325,-0.01660915622626559,-0.01064092753691802,0.0037425335775484662
2022-07-21,0.010131735886663355,-0.0022790695847758557,0.001484811252073871,-0.0015888424724861694
2022-07-22,-0.0093214092118941,0.0037413018495125517,0.006506642495719706,-0.001685080901090523
2022-07-25,0.0012141817526357991,0.009694753210987924,0.0014139569531724959,-0.0023451067651711743
2022-07-26,-0.011901632374263865,0.01626826034811821,0.011589962265704534,0.006645777866585077
2022-07-27,0.02563504027261532,-0.0031689667761377878,-0.0013978351030354264,-0.006927620808838823
2022-07-28,0.01246432691167984,0.016526581732346553,0.018763405615616922,-0.0009398353724892211
2022-07-29,0.014473616849026236,0.0017156717201379035,0.0006862146875783222,-0.004240260282498767
2022-08-01,-0.0029656574577054274,0.005439382598945884,0.011309679080916799,-0.0042583890315847734
2022-08-02,-0.006619264373458802,-0.013732960449866178,-0.008284986405019788,0.0074637876360794395
2022-08-03,0.015538102007644633,0.004390136353859358,0.007606668718430069,0.0025382318911604355
2022-08-04,-0.0006757759805728592,-0.003918799792440562,-0.0054438823874832796,-0.007728593390747095
2022-08-05,-0.0016916281352695993,-0.004565110994288057,-0.007533700742196364,0.008760833034145493
2022-08-08,-0.0011616618706029867,-0.006490026184664635,-0.004018424955247043,-0.0016896681086786434
2022-08-09,-0.003978866078992719,0.0012696599505663754,0.0037320000567700245,-0.0006578609618183475
2022-08-10,0.02078642498731136,0.009471256962828085,0.008218241929649482,-0.01106033679008999
2022-08-11,0.0,-0.0067785779378619964,-0.005128559352160257,-0.0010461802643627963
2022-08-12,0.016787343766605897,0.007563851029367026,0.012997869064833809,0.005125304803016323
2022-08-15,0.0041123441984586995,0.012480673751266543,0.010936504951748915,0.008671991353024091
2022-08-16,0.0019567753599169057,0.008183326850212471,0.005784262214323993,-0.0004694020367021172
2022-08-17,-0.007123315946134219,-0.002309215244560246,-0.0005547675773113666,0.000657058219766783
2022-08-18,0.0029021871472103885,0.00522688813701766,0.00099830803479839,0.008502771611143434
2022-08-19,-0.013529093165122113,-0.00076696465488956,-0.0012758072788044855,0.006399231734243194
2022-08-22,-0.021042408620206565,-0.01499613700706192,-0.009592428613301843,0.008102473917945333
2022-08-23,-0.0024221506331639766,0.0010897735602463374,-0.0004484761897952939,-0.003950942739725914
2022-08-24,0.003196067383412367,0.0013993771983163874,0.004977284526227011,0.0005522094733157412
2022-08-25,0.014018854552033487,0.0048051158207532375,5.585770535117187e-05,-0.0019341390602106753
2022-08-26,-0.03443520463235895,-0.024418164718883154,-0.023878606838070256,0.0030377141651286737
2022-08-29,-0.006634162553596423,-0.006039419245326703,-0.003147067209586129,0.0003675177972352032
2022-08-30,-0.011038564564772618,-0.009288925476879982,-0.0086336091545248,-0.0006433500252420874
2022-08-31,-0.007638166264051801,-0.007104905522487661,-0.004170798958345209,-0.0006437641909649366
2022-09-01,0.003132939960941399,0.004688426776140203,0.010059033764088348,0.00906646162845554
2022-09-02,-0.010600398526966455,-0.013804572708885047,-0.012750903643868626,-0.001459754489835148
2022-09-06,-0.0037802235366364723,0.0004904602372170315,-0.0067614106289047736,0.006189155205598967
2022-09-07,0.01780534272839258,0.018301676998864345,0.021823829689323504,-0.0033629002770171786
2022-09-08,0.006515092655487093,-0.003054079058495946,-0.0033534340825837044,-0.001184215634893301
2022-09-09,0.015415869957684769,0.003214485654249756,0.003180197234313419,-0.006492630255279525
2022-09-12,0.010690289441931821,0.002884121991473914,0.003917978858196071,-0.00616574136910446
2022-09-13,-0.04445629078352339,-0.033019168526226,-0.03803442037781413,0.013660518211814765
2022-09-14,0.003808620006419398,0.0052779459135482406,0.007557386494856007,-0.0014579557008275166
2022-09-15,-0.011418294355648048,-0.01368052572111313,-0.016738738403945498,0.0007292087935142861
2022-09-16,-0.007658091535552801,0.00016792644847924096,0.006549452568448475,0.00018227127577511766
2022-09-19,0.007725110786042578,0.007529602413886438,0.010485643726538868,-0.00018227127577513015
2022-09-20,-0.01154489699948735,-0.0015013917191439104,0.0011254886822177517,0.004364467365699095
2022-09-21,-0.01759780906773986,-0.008382276340943514,-0.0028455328511115094,0.0038033023097084587
2022-09-22,-0.008435324169550028,-0.002359751997042117,0.000949349358776522,0.006396698159980396
2022-09-23,-0.016896746648349,-0.011199827095917362,-0.000474469654248451,0.016389464213498177
2022-09-26,-0.009941976283456486,-0.012535596847646964,-0.0004156460156414113,0.008007399281431156
2022-09-27,-0.0025559694904241466,-0.026084668264677754,-0.014590864808551667,8.765730053012171e-05
2022-09-28,0.01948523410555629,0.01058588250578147,0.01589607219248537,-0.013321198641120732
2022-09-29,-0.021110229906370393,-0.007221570492012685,-0.012288373161084004,-0.00311317553190382
2022-09-30,-0.01558431198831143,-0.009769954260462756,-0.020311855830587353,-0.0011587758289691957
2022-10-03,0.026058645957992205,0.011183261583652838,0.012115539993136176,-0.003305517299716246
2022-10-04,0.030516297624240962,0.0022920721950916542,0.01119285213028075,-0.015147709230938796
2022-10-05,-0.0023309357762409505,-0.009555862670207952,-0.006664433415350882,0.00904410616869055
2022-10-06,-0.010369363234004813,-0.021749790574163503,-0.019465322807748032,0.010656998111934142
2022-10-07,-0.028290332583675738,-0.009494369435572652,-0.007336513928378203,0.00479873757518458
2022-10-10,-0.007664583466784857,-0.002203880218252619,0.0012986584794537018,0.0030096184018033796
2022-10-11,-0.006353154726111387,0.0016534369472163744,0.004747019505192538,0.0007068548698534303
2022-10-12,-0.0033039148514001845,0.012041723965388135,0.04097207807882569,0.0008828328790661354
2022-10-13,0.026048848795787116,0.013152174614382702,0.03035120565372968,-0.00850766460112135
2022-10-14,-0.023052455544244017,-0.016058079819650944,-0.025639496918147375,0.008419396178068988
2022-10-17,0.025372369527711523,0.012831081078659889,0.01481420211235302,-0.011271445282878403
2022-10-18,0.011681082029481184,0.013377526739664133,0.013399177801324515,0.0008029294148257124
2022-10-19,-0.007111654191323479,-0.008540925315995603,-0.009758375193055734,0.007551953631585036
2022-10-20,-0.008420659176429809,-0.015850449310150887,-0.011020516733922521,-0.0008855583970680282
2022-10-21,0.024010833534427532,0.015850449310150755,0.009288437150784389,-0.0077371111172519986
2022-10-24,0.012162267244184462,0.028364439240439437,0.026345710357699996,-0.00017860957601886166
2022-10-25,0.015842352104247705,0.02368800153814541,0.003315177469926342,-0.009329940646513522
2022-10-26,-0.007562602415579402,0.007436222966945202,0.004477533276213553,-0.011330282410837927
2022-10-27,-0.005354193494234345,0.0023545928139570406,-0.0010616600890826047,0.008080296510916771
2022-10-28,0.02351201766785312,0.020451174728837535,0.018554463303514856,0.0007231477585397116
2022-10-31,-0.00724951040799305,-0.015090227778034251,-0.0035733438055383752,0.007740818329862942
2022-11-01,-0.004385382201508628,-0.00351491273295314,-0.004526151879950698,-0.0004483693352041757
2022-11-02,-0.025416538107555786,-0.014014504332089945,-0.014039198971135097,-0.001166852726247293
2022-11-03,-0.010350246966129973,-0.0005103190102075277,-0.0025841136251063715,0.014089780437994661
2022-11-04,0.014290555245703452,0.008132897929683525,0.0056091005468033315,-0.018319649767092237
2022-11-07,0.009520086591588029,0.003873772127701241,0.007966871946187625,-0.006877805454706664
2022-11-08,0.005380895744381896,0.0018472087959851093,0.002770794394214182,-0.004550840542671772
2022-11-09,-0.020817282352218275,-0.014023976706502028,-0.012024898729737832,0.008448070235228642
2022-11-10,0.05349737029642592,0.035273181808668855,0.017488307694938393,-0.02139415978577811
2022-11-11,0.009631985971117765,0.007201328580355686,-0.02029258136352093,-0.017902558963927975
2022-11-14,-0.00854317869951434,-0.009668257334023609,-0.007441283419285101,0.003475023347901319
2022-11-15,0.008492950105140083,-0.0016479637438943132,0.002599534448669907,-0.002440648258365769
2022-11-16,-0.007658062640243738,-0.0018159281550341147,0.006413083023269498,-0.001128481842625985
2022-11-17,-0.003064537208140946,0.0031345291915846033,0.009487699785057922,0.0038503466806623084
2022-11-18,0.004530154879874505,0.0070578525358913425,0.007195165043031356,0.0022469615359948184
2022-11-21,-0.003642755295789443,0.015257609255652118,0.019063733849210954,0.008474195582724574
2022-11-22,0.0133672918528632,0.004339777678168901,0.000108218012829709,-0.005765803420843452
2022-11-23,0.00628185384906139,0.004480728386916118,0.0012976194055266932,-0.010689266085797716
2022-11-25,-0.0002237751897004572,0.000957496262637103,-0.005254803535698552,-0.0011318879350677698
2022-11-28,-0.01608567834446316,0.00015958693336051418,-0.001195598786225251,0.006772046410920948
2022-11-29,-0.001718938473585771,-0.0035149986241300966,-0.007094642404154014,0.0013114698802291762
2022-11-30,0.031014628304203734,0.024991345531723247,0.01586568405437056,-0.008177916144155122
2022-12-01,-0.0007362040062443171,0.0028257595617605133,0.008318396098312954,-0.0115816140722804
2022-12-02,-0.001154322743933668,0.008740492561274472,-0.0011301657427608357,-0.001720186774172561
2022-12-05,-0.018153141046163095,-0.01376955819158684,-0.013936989004183485,0.007053001499860474
2022-12-06,-0.01451960569326499,-0.0004728695680150645,-0.008169910854775609,0.0027505201743272616
2022-12-07,-0.0017026477020980332,0.0015751599005710485,0.003023431905368257,-0.004556713373735436
2022-12-08,0.007803375589585636,0.004240276486304413,0.008744245144448099,-0.0031448240406603246
2022-12-09,-0.0074982715278030035,-0.010555489739476447,-0.003706914928799941,0.00038172456455525525
2022-12-12,0.014314248714898914,0.013059785690196325,0.004740187018437473,0.003048489573713823
2022-12-13,0.007541492989332907,0.0003126191870968023,-0.0005437607458913073,-0.010999048222175697
2022-12-14,-0.006414111679548362,0.0,-0.002777493119812615,-0.0020217259725492077
2022-12-15,-0.024765893598262124,-0.013847623756125426,-0.0171066169408791,0.007584166699197067
2022-12-16,-0.01187630591453457,-0.005720681937737887,0.0004990954909636557,0.0013380427622182729
2022-12-19,-0.00851586110917846,0.0014332723082716519,0.005529804968065437,0.0001910445296217565
2022-12-20,0.0013675142552397824,-0.0007959813507406681,-0.0006067881353497535,-0.007187725527677756
2022-12-21,0.014841698516720328,0.015957361289616213,0.006983268780386361,0.0018258058879629148
2022-12-22,-0.014368884715320721,-0.007236159572470819,-0.007756131840008327,0.0025887797949984497
2022-12-23,0.005735817180798594,0.007549550937264466,0.006440171255799079,-0.0011497821311719622
2022-12-27,-0.003951270269341886,0.006092336721456487,0.004434348828893614,-0.0012470360362270992
2022-12-28,-0.012505837501319207,-0.010017262636095819,-0.007236496387529612,0.0026840389974125013
2022-12-29,0.017840289405534716,0.005959912427633434,0.0012647391000257266,-0.005952996554838216
2022-12-30,-0.002637618569958778,-0.005330900319196873,-0.007279998432493179,-0.003086419364217248
2023-01-03,-0.004218694821544092,-0.010429913253599364,-0.0069431518617447735,0.009613610210076605
2023-01-04,0.007690577050357834,-0.0004767150986484639,-0.0024554443678905403,-0.0025865478558809133
2023-01-05,-0.01147909419309791,-0.01150900330848252,-0.010503713395460265,0.007549378031617576
2023-01-06,0.02267310804276889,0.01910881887471276,0.022334897705146985,-0.0111048783559313
2023-01-09,-0.0005670562810853516,-0.01253885357892542,-0.009821783204003275,-0.00850737212496137
2023-01-10,0.0069884043474674395,-0.007696016079451128,-0.008287108025400836,0.0023273659288897074
2023-01-11,0.012568565806626728,-0.0019333723184525714,0.001123832679402023,-0.0004843813715727915
2023-01-12,0.0036341220609478575,-0.01298510123399601,-0.012831191031787625,-0.009151177864041493
2023-01-13,0.003871992600526566,0.003587797719189238,-0.0030766582403440107,-0.0004891470139514572
2023-01-17,-0.001833587829759482,0.004061378914514686,0.004668338052354199,0.001857397716719187
2023-01-18,-0.01591390061510983,-0.03078680822250105,-0.025542143668470813,-0.00029302837129696293
2023-01-19,-0.007306472713201706,-0.001505872317069422,-0.011663081124208701,-0.002935165539840638
2023-01-20,0.018457615903134716,0.006009995447795868,0.0014726989557642916,-0.0004899830787308928
2023-01-23,0.011927220088687065,0.002493537989133252,-0.0044837980115734755,0.0012735466080506875
2023-01-24,-0.001073984133996596,0.0052988827856848015,0.009240532389110935,-0.0021562413856149845
2023-01-25,0.0003747891470859104,0.00625624211358208,0.00723835245288129,-0.0027510214113156285
2023-01-26,0.01093046800101799,-0.0019713597763736912,-0.00999568683016049,0.0019657658427801013
2023-01-27,0.0022950011357470356,-0.0052762304270517965,-0.0035311031216698004,0.0008833878845851546
2023-01-30,-0.012626205978316934,0.0024766577062109675,-0.0008257851620565239,0.003427832313775083
2023-01-31,0.014596330977049933,0.011151317544312289,0.009045713354073986,-0.0017614282623960365
2023-02-01,0.010571700639013226,0.0001630768499795175,0.0031524567353744728,-0.008656332379842169
2023-02-02,0.014452012533982471,-0.017268787273317845,-0.0093110370261076,0.005222446476871968
2023-02-03,-0.010685915800252124,-0.007493101307603561,-0.005013442791446077,0.011433145299790698
2023-02-06,-0.00613014055535297,0.005666619718225208,0.015838965635377903,0.00677841827043934
2023-02-07,0.012993868448537716,-0.001663325967777013,-0.001514485817824121,-0.0018353295526682863
2023-02-08,-0.010995003213631213,-0.005843525402799766,-0.0023341950427362332,-0.0001933537298894013
2023-02-09,-0.008707017889570082,-0.0016759347659325058,0.009420305612703196,-0.0018390600635689357
2023-02-10,0.0023309570480068683,0.0,0.01960058043549675,0.003964192145583165
2023-02-13,0.011670655331102895,0.016303830854357514,0.00887096201912083,-0.0027055653288025135
2023-02-14,-0.00046024728562168586,-0.016807113983178797,-0.01131434053469382,-0.0011617303671171057
2023-02-15,0.0032420992070474395,0.0,0.0013645169970983924,0.006661813746023905
2023-02-16,-0.013864534609274655,-0.006228489314983982,-0.002844855229787401,-0.000577510449646308
2023-02-17,-0.0025013314459613927,0.015083177003007134,0.004377681668221879,0.0
2023-02-21,-0.02026486827561925,-0.0053368190767502065,-0.0005674883579087276,0.003076330953509202
2023-02-22,-0.0013791293565188242,0.0030055250633877107,-0.0003406476597607468,0.0039277345058649936
2023-02-23,0.005305323279399997,0.0018321975480209978,0.0010782758762897813,9.562729084697131e-05
2023-02-24,-0.010739858801233841,-0.004169068648642331,-0.0019870615281788024,0.0058148070752222026
2023-02-27,0.0034000731571758756,-0.0003343034681843793,-0.00028417596416060564,-0.005145817745095847
2023-02-28,-0.00370288106860259,-0.005195655568103464,-0.013622096639225565,0.0019089876634674223
2023-03-01,-0.0038432129673470566,-0.010982592918335138,-0.012758888016022443,-0.003725816378627509
2023-03-02,0.007747152783697005,0.014505247275337365,0.018282852858194868,0.005250314354224447
2023-03-03,0.015910542727066403,-0.004699635459522388,-0.0009813409430339559,-0.00486760347746891
2023-03-06,0.0006926306598197738,0.015359319768343257,0.00201937485222053,-0.0016277896342835392
2023-03-07,-0.015447464102527819,-0.005815497010807556,-0.004969100123952124,0.012097154382653161
2023-03-08,0.0016307517976172476,0.0004998261424078758,0.002718707603266554,0.00037865311238121204
2023-03-09,-0.018622182344533868,-0.009707273734289012,-0.007596257937762814,-0.0033180681860797596
2023-03-10,-0.014534520605012625,-0.0042133346661597975,0.0013378962688423658,-0.006956011940827523
2023-03-13,-0.0014263442146075084,0.010082467277097088,0.009718389233498255,-0.009415031171813377
2023-03-14,0.016395022192547393,0.0036714956445117186,-0.0010367783753786166,0.0
2023-03-15,-0.006273995764063229,0.006641304240456708,0.017706721335409403,0.010084148375969637
2023-03-16,0.01739303917810768,0.0054876239505784455,-0.000679724758104495,-0.002200253025863908
2023-03-17,-0.01176163188039943,-0.004654229544399365,-0.007848952321587582,-0.006822676673047995
2023-03-20,0.009569676920422838,0.009617032455747947,0.013948954270042715,-0.004154799054848812
2023-03-21,0.013045066186538331,-0.004631199028678509,0.0023621909886082705,-0.00019363457964795679
2023-03-22,-0.01719343338714274,-0.004486181169260611,-0.008462192937063504,-0.008851802940524948
2023-03-23,0.002699712025066547,-0.002167200343782431,-0.004884155877263285,0.001757129577327853
2023-03-24,0.006540644157181436,0.016222875617836613,0.019395104304812904,0.005737958489560089
2023-03-27,0.0018680764042382514,0.007361985021592145,0.0022310622822098313,-0.0025245389851668615
2023-03-28,-0.002247174663544652,0.0011403198432668694,-0.0003343464647337253,-0.004189204852776162
2023-03-29,0.014430210917100205,0.007138280085181372,0.006887012384495023,0.002048072933051069
2023-03-30,0.005838177318323911,-0.00016169164543672262,0.0008851990637231802,-0.0048832991169928406
2023-03-31,0.013996226929783756,0.0029060233250448025,0.008096351609762395,0.003615960390688943
2023-04-03,0.003803313139715395,0.005947187671175934,0.0010964683381770024,-0.004105634325008149
2023-04-04,-0.005563527261144621,-0.0030495230667288054,-0.0035680111501940797,-0.004909672254020274
2023-04-05,-0.0026216828029761714,0.009439318026720201,0.009795177974877103,0.0025560586356645873
2023-04-06,0.0038932717441859666,0.0006367090179645662,0.003912999855206856,-0.00029458221420442513
2023-04-10,0.0010258447386559822,-0.0023898440112690962,-0.006311883693902952,0.007436454334157374
2023-04-11,0.00026850159114464635,-0.0017561524527192794,-0.0015295717542266867,-0.0037113519021790297
2023-04-12,-0.004084280783943311,0.0017561524527193932,-0.001969988197399403,-0.006872849427117652
2023-04-13,0.01319529829098882,0.007310915210209388,0.009919952226855943,-0.0048392554920466254
2023-04-14,-0.002445788577816461,-0.0015848313238402668,-0.004729701267500187,0.00533177508837354
2023-04-17,0.0035818666072323156,0.006481743552940847,0.005109222000282162,0.005401392147505714
2023-04-18,0.0006520101472311989,0.0015746001306892888,0.0020580665431818262,-0.0034338859029701624
2023-04-19,-0.00016899063340301758,0.001886168718764635,-0.0005952396472623979,0.0021598400246286317
2023-04-20,-0.005471990676850034,0.004387314267616357,0.0032968022406716013,-0.0012757460576225028
2023-04-21,0.0007766270668971245,0.0014062222597502668,0.0004316099877743608,-0.00019637281272905612
2023-04-24,0.001042632143972161,-0.0015625445642054139,0.00048526619069940265,-0.004626687634511641
2023-04-25,-0.016001191439227003,-0.0015649899312137074,0.02244174541704247,0.005019469606052127
2023-04-26,-0.0042446615774900396,-0.004709537384327182,-0.006186469710630859,-0.003836127127342896
2023-04-27,0.019712492127745656,0.0020435353523796285,0.006081009897242451,0.0002955981606630457
2023-04-28,0.008498940613147946,0.007353583436483123,0.006306133883993323,0.0016734577954439752
2023-05-01,-0.0010102493152394777,0.0023355763378270313,0.004129946955021186,0.004710079923975026
2023-05-02,-0.011302819833573364,-0.004520360127551036,0.0029693434153170305,-0.0018617656726258914
2023-05-03,-0.006887667877760847,-0.005640023500480099,-0.0003641998906088967,-0.0060994066177318855
2023-05-04,-0.007108185676829021,0.0010991972175620683,0.006224761329739541,0.0005919422942949497
2023-05-05,0.018343342979226226,0.004696942027447827,0.00459182540890125,-0.001875549050207397
2023-05-08,0.00026646248425285784,-0.001563157282475459,-0.004746937373509729,0.0015796593339410944
2023-05-09,-0.004394927857711796,-0.008326169560180148,0.004077508175536961,0.0023647450156642626
2023-05-10,0.00466146774636804,0.00173379231556002,0.0006694291979729317,-0.0012801936937599236
2023-05-11,-0.0017455235766127447,0.005653248477665179,0.005492602450176827,0.005699083903704872
2023-05-12,-0.0013111078819378784,0.0039071913768181496,0.003985128965270344,0.006056507260503907
2023-05-15,0.0034440709612107035,-0.0026552356153988566,-0.009477731415447306,-0.0024377175472424643
2023-05-16,-0.006705077632990722,-0.011324431538285728,-0.004333305964360295,0.0012683279398937922
2023-05-17,0.012065874585394737,-0.0011078346435464779,-0.007107909346544387,0.0031152644246641497
2023-05-18,0.00958711738751198,-0.005557780216905049,-0.002606693191693257,0.006781044881070237
2023-05-19,-0.0014561443096086468,0.0004776003540277719,0.001460553187369986,-0.0036754551972657174
2023-05-22,0.000406091019641007,-0.021232923772561377,-0.02747997554073629,0.0
2023-05-23,-0.011286285974220888,-0.001789872436981155,-0.0030586494856433243,0.0028061455620138486
2023-05-24,-0.0072712329216852445,-0.008505148622906694,-0.006361975355162383,0.003857672169282226
2023-05-25,0.008622669788369803,-0.007750095240395315,-0.005912786500843205,0.0030754440114669794
2023-05-26,0.012867469352103826,-0.0024861591467266074,-0.0011976784640673481,0.0
2023-05-30,0.00038089986009797236,-0.007997373389238347,-0.010789069199435859,-0.00038392280013356805
2023-05-31,-0.005560609877359868,-0.0020093446824231516,0.004066453323262912,0.0014389328341666869
2023-06-01,0.009456128087712571,0.005682828535468618,0.006083540610449811,-0.00731196394442447
2023-06-02,0.014357575307984186,0.019148777694634942,0.010211666168599474,0.004432024764387413
2023-06-05,-0.0019180614850753312,-0.006726319385886973,0.0007060686393128303,-0.00019225693155170475
2023-06-06,0.00217507579966805,-0.007269119602210809,-0.014381682644400708,0.0012491930239595076
2023-06-07,-0.003463753481781266,-0.001493363790237807,-0.008018385403698727,-0.000288131202227627
2023-06-08,0.006030412809466309,0.0024876809002915435,0.010988241513208477,-0.007327473541548554
2023-06-09,0.0017926501031468084,0.0016551284263363589,0.0013719304751750162,0.002126643886980919
2023-06-12,0.009030957595094731,-0.004308968595105057,-0.0024708987562811445,0.0006757053838539431
2023-06-13,0.006571286767629987,0.003978187427542907,-0.0019810738542122256,-0.0028023492708349413
2023-06-14,0.0011901283856271564,0.006759587718638976,0.008938695260021324,-0.0031983957878659926
2023-06-15,0.012321468440869546,0.013648127810064475,0.013771679981739206,-0.008677472364774409
2023-06-16,-0.0034120356428089305,0.00716030129849793,0.0017753149102085499,0.0017610835201193752
2023-06-20,-0.005201688176449508,-0.006670485306664579,-0.003931583066392998,0.00234327249500934
2023-06-21,-0.005136896694487098,0.002771246138135755,0.000647327639523372,-0.0045941258585048515
2023-06-22,0.0036032107426930415,0.0068137540241611,0.010301144977114906,0.00313019620013928
2023-06-23,-0.007588727735143791,-0.010564872183248262,-0.0068555714555861855,0.0049686120430801495
2023-06-26,-0.004094122473882703,0.00032675147226825485,-0.006361936021154461,-0.002042892684027928
2023-06-27,0.010903649709285458,-0.0021257642974483403,0.0071677266744493645,-0.0019495529845661155
2023-06-28,0.0005042661095765424,-0.009374292675434825,-0.013624801407196685,0.004089643433388721
2023-06-29,0.003933614456099705,-0.008296048844923076,0.0009794218840158662,0.004169631988002177
2023-06-30,0.011731634842625023,0.003326695685240295,0.007260916840311397,-0.004169631988002264
2023-07-03,0.0011498750213830315,0.005960292500176299,0.002049538904740185,0.0007770199620409859
2023-07-05,-0.001488305087145732,0.007400690730223565,0.005266258109171987,0.003682935755196144
2023-07-06,-0.007861482478151452,-0.007730894748984671,0.00010720977573709717,-0.0019367157864437802
2023-07-07,-0.0025279066989746814,-0.013298119067961313,-0.01904409533549745,-0.008761753370652237
2023-07-10,0.0025279066989747885,-0.007558563732672881,0.006641655447587597,-0.002937677646362029
2023-07-11,0.00634833630815346,0.003534449210663482,-0.0017378484078296133,-0.0023563865432139302
2023-07-12,0.008013723862516888,0.005361938000394903,-0.004412359450941771,-0.011965598524406462
2023-07-13,0.007905551787355664,0.008486586043560984,0.023524152726806965,-0.007489176001020683
2023-07-14,-0.0006230225390383416,0.009072277511619802,0.003619570272229421,0.0014023141203172327
2023-07-17,0.003466202570648931,-0.0014789280560068175,-0.013802924849548098,-0.0007009494576735545
2023-07-18,0.007403116820647034,-0.003954555760869424,-0.006377064027628779,0.0010011624034429384
2023-07-19,0.0022212915573065956,0.017511284595582675,0.009765110104088447,0.003396230772367105
2023-07-20,-0.006656595178376628,0.012093995789811946,0.016189556734958088,0.005965403313288791
2023-07-21,0.0,0.0008010773136087529,0.0045327679734263795,0.0018816786366872118
2023-07-24,0.00445734209675547,0.0003202635436531755,0.003988640237024151,0.002766514775348219
2023-07-25,0.002726333456018575,-0.003367801852296903,0.0023019914048081945,0.0
2023-07-26,0.00015370179135724575,0.012769514965565049,0.001253423440456142,-0.0045490494718553
2023-07-27,-0.006652049928426125,-0.009721976656921193,-0.016152758448625584,0.008684523847732521
2023-07-28,0.009742708386939452,0.0006404245514063702,0.009397169756716544,-0.0014749390247942252
2023-07-31,0.0019022320924179325,-0.008841778327144062,-0.015088783567088825,0.0023589342549690515
